id,year,opening,rrh,timebin,wolf,author,book_type,picture_rrh,picture_wolf,rrh_new,any_picture_wolf,any_picture_rrh,wolf_cover,rrh_cover,length
Borms 0874,1781,0,0.0,1,0,Anonymous,picture book,1,1,0.0,1,1,0,0,295
Borms 0419,1818,0,0.0,1,0,Anonymous,picture book,1,1,1.0,1,1,0,0,231
Borms 0691,1827,0,1.0,1,0,Anonymous,picture book,1,1,1.0,1,1,0,0,164
Borms 0845,1830,0,0.0,1,0,Anonymous,picture book,1,1,1.0,1,1,0,0,330
Borms 0996,1832,0,1.0,1,0,Anonymous,picture book,1,1,1.0,1,1,0,0,136
Borms 0656,1833,0,0.0,1,0,Anonymous,picture book,1,1,1.0,1,1,0,0,331
KW 1087 G 43,1840,0,0.0,1,1,Anonymous,verhaal,0,0,0.0,1,1,0,0,773
Borms 0785,1848,0,0.0,1,0,Anonymous,picture book,1,1,1.0,1,1,0,0,326
Borms 0826,1848,0,1.0,1,1,Anonymous,picture book,1,1,1.0,1,1,0,0,50
KW 116 L 54,1849,0,1.0,1,1,Prudens Van Duyse,(rijmend) gedicht,0,0,0.0,0,0,0,0,744
KLUIS PLA 421 B 10,1850,0,0.0,1,0,Anonymous,picture book,1,1,0.0,1,1,0,0,334
KW NOM ZZ 08,1850,0,1.0,1,1,Anonymous,verhaal,0,0,1.0,1,1,0,0,60
KLUIS PLA 417 A 1,1850,0,0.0,1,0,Anonymous,picture book,1,1,1.0,1,1,0,0,330
KLUIS PLA 423 B 25,1850,1,0.0,1,0,Anonymous,picture book,1,1,0.0,1,1,0,0,298
KLUIS PLA 422 A 4,1850,0,1.0,1,0,Anonymous,picture book,1,1,1.0,1,1,0,0,136
KLUIS PLA 416 B 36,1850,0,1.0,1,0,Anonymous,picture book,1,1,1.0,1,1,0,0,283
KLUIS PLA 418 A 30,1850,0,0.0,1,1,Anonymous,picture book,1,1,0.0,1,1,0,0,342
KLUIS PLA 422 C 5,1850,0,0.0,1,0,Anonymous,picture book,1,1,1.0,1,1,0,0,226
KLUIS PLA 419 D 30,1850,0,1.0,1,1,Anonymous,picture book,1,1,1.0,1,1,0,0,50
Borms 0921,1851,0,1.0,2,1,Anonymous,picture book,1,1,1.0,1,1,0,0,389
KW 1088 D 81,1858,0,1.0,2,1,Jan Schenkman,(rijmend) gedicht,0,0,1.0,1,1,0,0,74
KW GW P100805,1859,0,0.0,2,0,oom Arnold,anders,0,0,,0,0,0,0,17
KW Ki 1300,1860,1,0.0,2,1,Anonymous,verhaal,0,1,0.0,1,1,0,0,1427
KW XKW 2846,1860,1,0.0,2,0,Anonymous,verhaal,1,1,0.0,1,1,0,0,762
KW Ki 3989,1861,1,0.0,2,1,Johan Jacob Antonie Goeverneur,verhaal,0,0,0.0,1,1,0,0,1137
KW 1090 C 111,1864,0,0.0,2,1,Anonymous,verhaal,1,0,0.0,1,1,0,0,2104
KW Ki 1646,1864,0,0.0,2,0,Anonymous,(rijmend) gedicht,1,1,0.0,1,1,0,0,1230
KW 1087 A 36,1865,1,0.0,2,0,Anonymous,verhaal,1,1,0.0,1,1,0,0,876
KW Ki 3248,1866,1,0.0,2,0,Agatha (1833-1893) pseud. van Reinoudina de Goeje,verhaal,1,1,0.0,1,1,0,0,878
KW Ki 2285,1866,1,0.0,2,1,Johan Jacob Antonie Goeverneur,verhaal,1,1,0.0,1,1,0,0,681
KW BJ Z1843,1868,1,0.0,2,0,Anonymous,verhaal,1,0,0.0,1,1,0,0,809
KW Ki 2153,1870,1,0.0,2,0,Agatha (1833-1893) pseud. van Reinoudina de Goeje,verhaal,0,1,0.0,1,1,0,0,1954
KW XKW 2955,1870,0,1.0,2,1,oom Bernard,verhaal,0,0,1.0,1,0,0,0,11
KW 1087 A 26,1872,1,0.0,2,0,Anonymous,verhaal,1,1,0.0,1,1,0,0,911
NBM Mfe 3027,1875,0,0.0,2,0,Simon Jacobus Andriessen,verhaal,0,0,0.0,0,0,0,0,1169
NBM Mfm 700 300011,1878,1,0.0,2,0,Joan Christiaan Eleonor Gosler,verhaal,1,1,0.0,1,1,0,0,1112
KW NOM W 13,1880,0,0.0,2,0,J. Hoffmann,verhaal,0,0,0.0,1,1,0,0,895
KW BJ 25467,1880,0,0.0,2,1,Johan Jacob Antonie Goeverneur,verhaal,1,1,0.0,1,1,0,0,1384
Borms 0285,1880,0,1.0,2,0,Anonymous,picture book,1,1,1.0,1,1,0,0,282
KW SMC K 2133,1880,0,0.0,2,0,Simon Jacobus Andriessen,verhaal,0,0,0.0,1,1,0,0,1200
KW XKW 3144,1886,0,0.0,2,0,Anonymous,verhaal,0,0,0.0,0,1,0,1,398
KW SMC K 1072,1887,1,0.0,2,0,Agatha (1833-1893) pseud. van Reinoudina de Goeje,verhaal,1,1,0.0,1,1,0,0,599
NBM Mfe 6219,1888,1,0.0,2,1,Pieter Louwerse,verhaal,1,1,0.0,1,1,0,0,2911
KW BJ 48439,1889,0,1.0,2,1,Fredericus Hendrikus van Leent,(rijmend) gedicht,0,0,1.0,0,0,0,0,114
NBM Mfe 19093,1890,1,0.0,2,1,Anonymous,verhaal,0,0,0.0,0,0,0,0,960
KW XKC 199,1890,0,1.0,2,0,Anonymous,verhaal,0,0,1.0,0,0,0,0,467
KW Ki 5105,1890,1,0.0,2,0,Carl Offterdinger,verhaal,0,0,0.0,1,1,0,0,892
KW BJ Z 2018,1890,1,0.0,2,1,Anonymous,verhaal,0,0,0.0,0,0,0,0,524
KW SMC K 1196,1890,1,0.0,2,0,Anonymous,verhaal,1,1,0.0,1,1,0,0,657
NBM Mfe 16087,1891,0,0.0,2,0,Fredericus Hendrikus van Leent,verhaal,1,0,0.0,1,1,0,0,721
KW NOM V 36 B,1892,1,0.0,2,1,Antoon S. Reule Nzn,verhaal,0,0,0.0,0,0,0,0,644
NBM Mfe 9851,1893,1,0.0,2,0,Agatha (1833-1893) pseud. van Reinoudina de Goeje,verhaal,1,0,0.0,1,1,0,0,682
NBM Mfm 701 400004,1893,1,0.0,2,0,Agatha (1833-1893) pseud. van Reinoudina de Goeje,verhaal,0,0,0.0,0,0,0,0,910
KW BJ 01926,1894,0,0.0,2,1,Johan Jacob Antonie Goeverneur,verhaal,0,0,0.0,0,0,0,0,1376
NBM Mfe 10595,1898,1,0.0,2,0,Tine van Berken,verhaal,0,1,0.0,1,1,0,0,997
KW 1087 A 38,1900,1,0.0,2,0,Anonymous,verhaal,0,0,0.0,0,0,0,0,943
KW GW P100847,1900,0,0.0,2,0,Anonymous,verhaal,1,1,0.0,1,1,0,0,373
KW XKZ 1823,1900,0,1.0,2,1,Dorrit Mohr,picture book,0,0,1.0,1,1,0,0,40
KW SMC K 2114,1900,1,0.0,2,0,Anonymous,(rijmend) gedicht,1,0,0.0,1,1,0,0,490
KW GW P100799,1900,0,0.0,2,1,Anonymous,verhaal,0,1,0.0,1,1,0,0,679
KW XKW 1401,1900,1,0.0,2,0,Anonymous,(rijmend) gedicht,1,1,0.0,1,1,0,0,809
KW XKZ 0143,1900,0,1.0,2,0,Pieter Louwerse,verhaal,0,0,1.0,0,0,0,0,218
KW Ki 4905,1900,1,0.0,2,1,Anonymous,verhaal,0,1,0.0,1,1,0,0,945
KW BJ 25722,1900,1,0.0,2,0,Anonymous,verhaal,1,1,0.0,1,1,0,0,747
KW 1087 A 27,1900,0,0.0,2,1,Corrie,(rijmend) gedicht,0,0,1.0,0,0,0,0,141
KW XKZ 1543,1904,1,0.0,3,0,Arpad Schmidhammer,picture book,0,1,0.0,1,1,0,0,907
KW Ki 3427,1905,1,0.0,3,1,Arpad Schmidhammer,verhaal,1,1,0.0,1,1,0,0,922
KW NOM ZA 14 A-2,1905,0,0.0,3,0,Anonymous,(rijmend) gedicht,0,0,,0,0,0,0,67
KW NOM ZA 14 A,1905,1,0.0,3,1,Anonymous,verhaal,0,0,0.0,1,1,0,0,1425
KW Ki 6735,1906,1,0.0,3,1,Nienke van Hichtum,picture book,1,1,0.0,1,1,0,0,879
NBM Mfm 701 400007,1906,0,1.0,3,0,Cornelia Broers-de Jonge,(rijmend) gedicht,0,0,1.0,0,0,0,0,377
KW Ki 3885,1907,0,1.0,3,0,Lothar Meggendorfer,picture book,1,1,1.0,1,1,0,0,928
KW XKR 1476,1907,1,0.0,3,0,Jan Pieter Heije,(rijmend) gedicht,0,0,0.0,0,0,0,0,2349
KW Ki 4138,1908,1,0.0,3,0,Alice Becht-Dentz,verhaal,1,1,0.0,1,1,0,0,575
KW XKN 306,1909,0,1.0,3,1,Joh. W. Kerkmeijer-Bakker,verhaal,1,1,1.0,1,1,0,0,208
KW Ki 4040,1909,0,0.0,3,0,Anonymous,verhaal,1,0,0.0,0,1,0,0,596
KW 1087 A 34,1909,1,0.0,3,0,Anonymous,verhaal,0,0,0.0,1,1,0,0,336
KW XKZ 0458,1910,0,1.0,3,0,Anonymous,verhaal,1,0,1.0,0,1,0,0,469
KW Ki 6614,1910,1,0.0,3,0,Cornelia Broers-de Jonge,(rijmend) gedicht,1,1,0.0,1,1,0,0,770
KW XKR 7183,1910,1,0.0,3,1,Anonymous,verhaal,0,0,0.0,0,0,0,0,716
KW Ki 6002,1910,0,1.0,3,0,Anna Maria van Gogh-Kaulbach,verhaal,1,0,1.0,0,1,0,0,1629
KW BJ Z1811,1910,0,1.0,3,0,Cornelia Broers-de Jonge,(rijmend) gedicht,1,0,1.0,1,1,0,0,269
KW XKW 3181,1910,0,1.0,3,0,Marie Cramer,(rijmend) gedicht,1,1,1.0,1,1,0,0,896
KW XKZ 0055,1910,1,0.0,3,0,Anonymous,verhaal,1,0,0.0,1,1,0,0,1043
KW XKW 2089,1910,1,0.0,3,1,Robert Hertwig,verhaal,0,0,0.0,1,1,1,1,1438
KW XKW 2950,1910,1,0.0,3,0,Anonymous,verhaal,0,1,0.0,1,1,0,0,282
KW XKW 2972,1910,1,0.0,3,1,Anonymous,verhaal,1,0,0.0,1,1,0,0,403
KW XKW 2389,1910,1,0.0,3,1,Anonymous,verhaal,0,0,0.0,1,1,1,1,652
KW Ki 2748,1910,1,0.0,3,0,J.D.,verhaal,0,0,0.0,0,0,0,0,1638
Borms 0284,1911,0,1.0,3,0,Anonymous,picture book,1,1,1.0,1,1,0,0,282
KW BJ 25723,1911,1,0.0,3,1,Anonymous,verhaal,0,1,0.0,1,1,0,0,937
KW BJ 52072,1912,1,0.0,3,1,Christine Doorman,verhaal,0,0,0.0,0,1,0,1,1714
KW Ki 8628,1912,1,0.0,3,1,Simon Abramsz,verhaal,0,0,0.0,1,1,0,0,1202
KW BJ 01920,1913,1,0.0,3,1,Albertine Steenhoff-Smulders,verhaal,0,0,0.0,1,1,0,0,1693
KW BJ 00123,1914,1,0.0,3,0,Henriëtte Sophia Blaauw-Van den Dries,verhaal,0,0,0.0,1,1,0,0,823
KW BJ 52069,1916,1,0.0,3,1,Christine Doorman,verhaal,1,0,0.0,0,1,0,0,2132
KW BJ 25759,1917,0,0.0,3,0,Johanna Wildvanck,verhaal,1,1,0.0,1,1,0,0,9142
KW Ki 5533,1918,0,0.0,3,0,Henriëtte Sophia Blaauw-Van den Dries,verhaal,0,0,0.0,0,0,0,0,1591
KW Ki 1867,1919,1,0.0,3,1,Henriëtte Sophia Blaauw-Van den Dries,verhaal,0,0,0.0,1,1,0,0,415
XKZZ 109,1919,1,0.0,3,1,Anonymous,verhaal,1,0,0.0,1,1,0,0,605
KW XZZ 065,1919,0,1.0,3,0,Anonymous,verhaal,0,0,1.0,1,1,0,0,2562
KW XKR 1949,1920,0,1.0,3,0,Tante Marie,(rijmend) gedicht,0,0,1.0,1,1,0,0,261
KW XKN 167,1920,0,1.0,3,0,Anonymous,verhaal,0,0,1.0,0,0,0,0,464
KW XKR 0948,1920,0,0.0,3,1,Anonymous,verhaal,0,0,0.0,1,1,0,0,4210
KW BJ Z0235,1920,1,0.0,3,0,Anonymous,verhaal,0,1,0.0,1,1,0,0,947
KW XKR 9255,1920,0,1.0,3,1,Anonymous,picture book,1,1,1.0,1,1,0,0,67
KW XKZZ 101,1920,1,0.0,3,0,Anonymous,verhaal,0,0,0.0,0,0,0,0,765
KW XKN 313,1920,1,0.0,3,1,Joop Zoomers,verhaal,0,0,0.0,1,1,0,0,1068
KW XKR 1422,1920,0,1.0,3,1,Anonymous,verhaal,0,0,1.0,1,1,0,0,136
KW XKR 2114,1920,0,1.0,3,1,Anonymous,(rijmend) gedicht,1,1,1.0,1,1,0,0,365
KW BJ Z0550,1920,1,0.0,3,0,Henriëtte Sophia Blaauw-Van den Dries,verhaal,1,1,0.0,1,1,0,0,1334
KW BJ 26561,1920,1,0.0,3,1,Anonymous,verhaal,0,0,0.0,0,0,0,0,943
KW BJ Z1842,1920,1,0.0,3,0,Anonymous,verhaal,0,0,0.0,0,0,0,0,1307
KW XKP 588,1920,1,0.0,3,1,K. Lauwers,verhaal,0,0,0.0,1,1,0,0,972
NBM Mfe 24774,1920,1,0.0,3,0,Marie de Koning,verhaal,0,0,0.0,0,0,0,0,1888
KW XKZ 0533,1920,1,0.0,3,1,Anonymous,verhaal,0,0,0.0,0,0,0,0,1188
KW XKZ 0701,1920,1,0.0,3,0,Anonymous,verhaal,0,0,0.0,0,1,0,0,536
KW BJ 53276,1920,0,1.0,3,1,H.G.C. Marsh-Lambert,verhaal,1,1,1.0,1,1,0,0,80
KW XKR 2408,1920,1,0.0,3,0,Anonymous,verhaal,1,0,0.0,1,1,0,0,1004
KW XKE 799,1920,0,0.0,3,0,Anonymous,verhaal,0,0,0.0,0,0,0,0,687
KW XKR 1356,1920,1,0.0,3,0,Anonymous,verhaal,0,0,0.0,0,1,0,1,655
KW GW A104682,1920,1,0.0,3,1,Anonymous,verhaal,1,0,0.0,1,1,0,0,860
KW XKW 3125,1920,1,0.0,3,0,Anonymous,verhaal,1,0,0.0,1,1,1,0,1082
KW BJ Z2007,1920,0,0.0,3,1,Anonymous,verhaal,1,0,0.0,1,1,0,0,779
NBM Mfe 24338,1925,1,0.0,3,0,Enid Mary Blyton,verhaal,0,0,0.0,0,0,0,0,995
KW BJ 53000,1929,1,0.0,3,0,Felix Louis Ortt,verhaal,0,1,0.0,1,1,0,0,1575
KW GW A100156,1930,1,0.0,3,0,Marie Cramer,verhaal,1,0,0.0,0,1,0,0,2193
KW XKZ 0531,1930,1,0.0,3,0,Anonymous,verhaal,1,1,0.0,1,1,0,0,546
KW BJ 10252,1930,1,0.0,3,0,Anonymous,verhaal,0,1,0.0,1,1,0,0,545
KW XKZ 1761,1930,1,0.0,3,0,Anonymous,verhaal,0,0,0.0,1,1,0,0,8162
KW BJ Z0306,1930,1,0.0,3,1,Anonymous,picture book,1,1,0.0,1,1,0,0,716
KW SMC K 2140,1930,0,0.0,3,0,Anonymous,verhaal,0,1,0.0,1,1,0,0,1003
KW XKR 9761,1930,0,0.0,3,1,Anonymous,verhaal,0,0,0.0,1,1,0,0,1057
KW XKR 6917,1930,0,0.0,3,1,Anonymous,verhaal,0,1,0.0,1,1,0,0,756
KW XKW 0617,1930,0,1.0,3,1,Anonymous,verhaal,1,0,1.0,1,1,0,0,170
KW XKZ 1238,1932,1,0.0,3,1,Anonymous,verhaal,0,0,0.0,1,1,0,0,845
KW GW A100253,1932,1,0.0,3,0,Christine Doorman,verhaal,1,0,0.0,0,1,0,0,2197
KW XKR 4807,1934,1,0.0,3,0,Brugt Jan Douwes,verhaal,1,0,0.0,1,1,0,0,1299
KW XKZ 0177,1935,0,1.0,3,1,Walter Elias Disney,verhaal,1,0,1.0,1,1,0,0,1076
KW XKP 242,1936,1,0.0,3,0,Matthijs Hubertus Maria Dorenbosch,verhaal,1,1,0.0,1,1,0,0,978
KW 1087 A 117,1937,1,0.0,3,1,Nienke van Hichtum,verhaal,0,0,0.0,0,0,0,0,2233
KW XKZ 0045,1937,0,0.0,3,0,Leonard Roggeveen,verhaal,0,0,0.0,0,0,0,0,1960
KW XKZ 0652,1940,0,0.0,3,0,Anonymous,verhaal,0,0,0.0,1,1,0,0,827
KW XKD 710,1940,1,0.0,3,1,Anonymous,verhaal,0,0,0.0,1,1,0,0,452
KW Ki 2003,1940,0,1.0,3,0,Willy Schermelé,verhaal,0,0,0.0,1,1,0,0,1932
KW XKW 2039,1942,0,1.0,3,1,Sjoert Schwitters,picture book,1,0,1.0,1,1,0,0,376
KW XKP 457,1943,0,0.0,3,1,Wilhelmina Schermelé,verhaal,1,1,0.0,1,1,0,0,1165
KW XKR 5389,1943,0,0.0,3,1,Ko Koster,(rijmend) gedicht,1,0,0.0,1,1,0,0,1992
KW XKW 0422,1943,0,1.0,3,1,Anonymous,picture book,1,1,1.0,1,1,0,0,52
KW BJ 03351,1943,1,0.0,3,0,Anonymous,verhaal,0,0,0.0,1,0,0,0,1151
KW XKR 2633,1943,1,0.0,3,1,Anonymous,verhaal,1,0,0.0,1,1,0,0,342
KW BJ 50438,1943,0,1.0,3,1,Hendrik de Wolf,verhaal,0,0,1.0,1,1,0,0,502
KW BJ 52086,1943,1,0.0,3,1,Annettes Dideric Hildebrand,verhaal,0,0,0.0,0,0,0,0,6979
KW Ki 1134,1945,1,0.0,3,1,Béatrice Mallet,verhaal,1,1,0.0,1,1,0,0,888
KW GW A100123,1945,1,0.0,3,1,Godelieve Uyttendaele,verhaal,1,1,0.0,1,1,0,0,1374
KW GW A103915,1945,1,0.0,3,1,Anonymous,verhaal,1,1,0.0,1,1,0,0,845
NBM Mfe 25168,1946,1,0.0,3,0,Frederik August Betlem,verhaal,0,0,0.0,1,1,0,0,820
KW XKE 874,1946,0,1.0,3,1,Rudolf Asveer Jacob van Lier,(rijmend) gedicht,0,0,1.0,1,1,0,0,1512
KW BJ Z5339,1947,0,0.0,3,0,Anonymous,verhaal,1,1,0.0,1,1,0,0,2240
KW XKR 8185,1948,0,0.0,3,1,Cees Woltman,verhaal,1,1,0.0,1,1,0,0,1609
KW XKB 984,1948,1,0.0,3,0,Brugt Jan Douwes,verhaal,1,0,0.0,1,1,0,0,1304
KW XKP 821,1948,1,0.0,3,0,Johanna Wynanda Veeken-Bakker,verhaal,1,0,0.0,1,1,0,0,1596
KW BJ 51575,1948,1,0.0,3,1,Inga-Britt Allert,verhaal,1,0,0.0,1,1,0,0,3508
KW XKZ 0207,1950,0,1.0,3,0,Ruth Rooijackers,(rijmend) gedicht,0,0,1.0,0,1,0,0,51
KW XKZ 0263,1950,0,0.0,3,0,Anonymous,picture book,1,1,1.0,1,1,0,0,275
KW XKE 500,1950,0,0.0,3,0,Anonymous,verhaal,1,0,0.0,1,1,0,0,513
KW Kluitman 43,1950,1,0.0,3,0,Angenita C. Klooster,verhaal,0,0,0.0,1,1,0,0,3837
KW XKP 715,1950,0,1.0,3,1,Anonymous,verhaal,1,1,1.0,1,1,0,0,28
KW XKN 214,1950,1,0.0,3,1,Frans Lammers,verhaal,1,0,0.0,1,1,0,0,730
KW XKR 4718,1950,0,0.0,3,0,Piet Marée,verhaal,0,0,0.0,1,1,0,0,1015
KW XKR 2228,1950,1,0.0,3,0,Wilhelmina Schermelé,verhaal,0,0,0.0,1,0,0,0,1633
KW XKP 415,1950,0,1.0,3,1,Anonymous,verhaal,1,0,1.0,1,1,0,0,278
KW XKR 3110,1950,0,1.0,3,1,Anonymous,verhaal,0,0,1.0,1,1,1,1,273
KW XKR 3019,1951,1,0.0,4,1,Marie Cramer,verhaal,1,0,0.0,1,1,0,0,1124
KW XKR 3306,1951,1,0.0,4,0,Truus Vinger,verhaal,1,0,0.0,1,1,0,0,666
KW XKR 1762,1952,1,0.0,4,0,Truus Vinger,picture book,0,0,0.0,1,1,0,0,179
KW XKD 768,1953,0,1.0,4,0,Johannes Pieter Jacobus Helmich Clinge Doorenbos,(rijmend) gedicht,0,0,1.0,0,0,0,0,141
KW GW A100302,1953,1,0.0,4,1,Marie Cramer,verhaal,1,0,0.0,1,1,0,0,930
KW XKZ 0449,1953,0,1.0,4,0,Johannes Pieter Jacobus Helmich Clinge Doorenbos,(rijmend) gedicht,1,1,1.0,1,1,0,0,144
KW BJ 51756,1955,0,0.0,4,1,Francis Bernardette Andrée,verhaal,0,0,0.0,1,1,0,0,2022
KW XKZ 1829,1956,1,0.0,4,0,Anonymous,verhaal,1,1,0.0,1,1,0,0,461
KW BJ 53228,1957,1,0.0,4,1,Anonymous,picture book,1,0,0.0,1,1,0,0,930
KW BJ 52022,1957,0,0.0,4,1,Dina Alida Cramer-Schaap,verhaal,1,1,0.0,1,1,0,0,7522
KW BJ 25857,1957,1,0.0,4,0,Anonymous,picture book,1,1,0.0,1,1,0,0,1094
KW BJ 52568,1958,1,0.0,4,1,Hendricus Gerard Hoekstra,verhaal,1,1,0.0,1,1,0,0,1103
KW XKR 0479,1958,1,0.0,4,1,Anonymous,verhaal,0,0,0.0,1,1,0,0,818
KW XKR 4352,1959,1,0.0,4,0,Leonard Roggeveen,verhaal,0,0,0.0,0,0,0,0,1025
KW BJ 26074,1959,1,0.0,4,0,Leonard Roggeveen,verhaal,1,1,0.0,1,1,0,0,1077
KW XKW 3362,1960,1,0.0,4,0,Anonymous,verhaal,0,0,0.0,1,1,1,1,411
KW BJ 02940,1960,1,0.0,4,1,Annettes Dideric Hildebrand,verhaal,0,0,0.0,1,1,0,0,6973
KW XKR 3599,1960,1,0.0,4,0,Anonymous,verhaal,1,1,0.0,1,1,0,0,1104
KW XKZ 0950,1960,0,0.0,4,0,Anonymous,verhaal,1,1,0.0,1,1,0,0,2168
KW XKZ 1671,1960,1,0.0,4,0,Anonymous,verhaal,0,0,0.0,0,0,0,0,759
KW XKZ 1517,1960,1,0.0,4,1,Anonymous,verhaal,0,0,0.0,1,1,0,0,2113
KW XKR 1852,1960,1,0.0,4,1,Anonymous,verhaal,0,0,0.0,1,1,1,1,954
KW XKR 6242,1960,0,0.0,4,1,Anonymous,verhaal,0,0,0.0,1,1,1,1,783
KW XKE 686,1960,0,1.0,4,1,Anonymous,(rijmend) gedicht,1,1,1.0,1,1,0,0,54
KW XKZ 1151,1960,1,0.0,4,0,Anonymous,verhaal,0,1,0.0,1,1,0,0,2938
KW BJ 51879,1962,1,0.0,4,1,A. Bouman,verhaal,1,0,0.0,1,1,1,0,1561
KW BJ 52782,1962,1,0.0,4,0,Johannes Hendrikus Willem Arnoldus,verhaal,1,0,0.0,1,1,0,0,1378
KW BJ 53171,1963,1,0.0,4,1,Fernand Karel Albert Bonneure,picture book,1,1,0.0,1,1,0,0,1641
KW BJ 53173,1966,1,0.0,4,1,Anonymous,verhaal,1,1,0.0,1,1,0,0,1478
KW BJ 52023,1967,0,0.0,4,1,Dina Alida Cramer-Schaap,verhaal,0,0,0.0,1,1,0,0,2019
KW XKR 3230,1967,1,0.0,4,0,Wilhelmina Schermelé,picture book,1,1,0.0,1,1,0,0,764
KW XKR 1354,1968,0,0.0,4,1,Anonymous,verhaal,0,0,0.0,0,0,0,0,1540
KW XKR 1506,1968,0,0.0,4,0,Marja Steur,verhaal,0,1,0.0,1,1,0,0,569
KW XKR 8067,1969,1,0.0,4,0,Anonymous,verhaal,1,1,0.0,1,1,0,0,845
KW BJ 53172,1970,0,1.0,4,1,Anonymous,picture book,1,1,1.0,1,1,0,0,112
KW XKR 9836,1970,1,0.0,4,1,Martine Catherina Maria Bijl,verhaal,1,0,0.0,1,1,0,0,1297
KW XKR 9864,1970,1,0.0,4,1,Anonymous,picture book,0,1,0.0,1,1,0,0,790
KW XKR 0951,1970,1,0.0,4,0,Anonymous,picture book,1,1,0.0,1,1,0,0,1267
KW XKY 493,1970,1,0.0,4,1,Anonymous,verhaal,1,0,0.0,1,1,0,0,879
KW BJ 02934,1970,1,0.0,4,0,Pieter Grashoff,verhaal,0,0,0.0,0,0,0,0,1581
KW BJ 53347,1971,1,0.0,4,1,Lia Timmermans,picture book,1,1,0.0,1,1,0,0,1504
KW XKR 4015,1971,1,0.0,4,0,Anonymous,verhaal,1,0,0.0,1,1,0,0,761
KW BJ 53056,1971,1,0.0,4,0,Anonymous,picture book,1,1,0.0,1,1,0,0,458
KW BJ 51957,1973,1,0.0,4,1,Cornelius W.A.J.A. Walraven,verhaal,1,0,0.0,1,1,0,0,1751
KW BJ 52843,1973,1,0.0,4,1,Emile Lopez,verhaal,1,1,0.0,1,1,0,0,690
KW XKR 5554,1973,1,0.0,4,0,John Strejan,verhaal,1,1,0.0,1,1,0,0,900
KW XKR 3603,1973,0,0.0,4,1,Anonymous,verhaal,1,0,0.0,1,1,0,0,1491
VD 40019 6,1974,1,0.0,4,0,Tadasu Izawa,picture book,0,0,0.0,1,1,0,0,352
KW Ki 6009,1974,0,1.0,4,1,Ton Wassink,verhaal,1,1,1.0,1,1,0,0,112
KW BJ 53081,1974,1,0.0,4,1,Anonymous,verhaal,1,1,0.0,1,1,0,0,3762
KW XKR 6120,1974,0,1.0,4,0,Anonymous,verhaal,0,0,1.0,0,0,0,0,738
VD 940 6-1,1975,0,0.0,4,0,Anonymous,verhaal,0,1,0.0,1,1,0,0,977
FE 1975 45,1975,1,0.0,4,0,Ef Leonard,verhaal,0,0,0.0,0,0,0,0,1401
VE 40013 2,1975,1,0.0,4,1,Anonymous,verhaal,1,1,0.0,1,1,0,0,543
FD 1976 40104,1975,0,1.0,4,1,Anonymous,picture book,1,1,1.0,1,1,0,0,128
FF 1977 4,1976,1,0.0,4,1,Lea Smulders,verhaal,1,1,0.0,1,1,0,0,638
FF 1976 40005,1976,0,0.0,4,1,Gerda Van Cleemput,verhaal,1,1,0.0,1,1,0,0,1066
FD 1976 369,1976,1,0.0,4,1,Anonymous,verhaal,1,1,0.0,1,1,0,0,780
KW BJ 53432,1976,1,0.0,4,0,L. Kurben,picture book,1,1,0.0,1,1,0,0,720
FF 1977 2,1977,1,0.0,4,0,Richard Macclure Scarry,picture book,1,1,0.0,1,1,0,0,625
KW XKY 325,1977,0,0.0,4,1,E. Mauritius,verhaal,1,0,0.0,0,1,0,0,619
FD 1977 40122,1977,1,0.0,4,0,Ruth Ainsworth,verhaal,1,0,0.0,1,1,0,0,990
GX 40009 3-1,1977,1,0.0,4,1,Anonymous,verhaal,1,0,0.0,1,1,0,0,608
VD 1043 6-1,1978,1,0.0,4,0,Anneke van Luyk,picture book,1,1,0.0,1,1,0,0,312
FV 1978 40004,1978,0,1.0,4,1,Anonymous,picture book,1,1,1.0,1,1,0,0,182
KW GW P100729,1978,1,0.0,4,0,Anonymous,picture book,1,1,0.0,1,1,0,0,1795
FE 1979 40043,1978,1,0.0,4,0,Anonymous,verhaal,0,1,0.0,1,1,0,0,587
KW BJ 52118,1979,0,0.0,4,0,Johannes Pieter Jacobus Helmich Clinge Doorenbos,picture book,1,1,0.0,1,1,0,0,524
FE 1979 100,1979,1,0.0,4,0,Nelly Johanna Kunst,verhaal,1,1,0.0,1,1,0,0,1048
VD 1064 5-1,1979,1,0.0,4,0,John Strejan,verhaal,1,1,0.0,1,1,0,0,463
BPN B8009042,1979,1,0.0,4,1,Hetty van den Heuvel,verhaal,1,0,0.0,1,1,0,0,3506
KW BJ 53284,1979,1,0.0,4,0,Carla Steen,verhaal,0,1,0.0,1,1,0,0,650
KW XKR 3215,1980,1,0.0,4,0,Anonymous,verhaal,0,1,0.0,1,1,0,0,817
KW XKZ 1726,1980,0,1.0,4,1,Anonymous,verhaal,0,0,1.0,1,1,0,0,163
KW XKR 3332,1980,0,1.0,4,1,Anonymous,picture book,0,0,1.0,1,1,0,0,514
KW XKP 260,1980,0,1.0,4,1,Anonymous,picture book,1,0,1.0,1,1,0,0,193
FE 1986 40051,1981,1,0.0,4,1,E. De Klerck,picture book,1,1,0.0,1,1,0,0,782
KW BJ 51934,1981,1,0.0,4,0,Hendrik Magdalenus Bruna,picture book,1,0,0.0,1,1,0,0,674
FA 1981 26,1981,0,1.0,4,0,Jan G. Steur,verhaal,1,1,0.0,1,1,0,0,960
KW Ki 8785,1981,0,0.0,4,1,Anno Annink,verhaal,0,0,1.0,1,1,0,0,539
KW BJ 50360,1982,0,1.0,4,1,Marja Baeten,anders,1,1,1.0,1,1,0,0,118
FE 1982 40021,1982,0,1.0,4,1,Huberte Vriesendorp,(rijmend) gedicht,0,0,1.0,1,1,0,0,340
KW GW A101336,1982,1,0.0,4,1,Marie Cramer,verhaal,1,0,0.0,1,1,0,0,942
VC 337 17-1,1982,1,0.0,4,1,Roberto Molino,verhaal,1,1,0.0,1,1,0,0,836
KW XKY 217,1983,0,0.0,4,1,Anonymous,verhaal,0,0,0.0,1,1,1,1,226
KW BJ 53174,1983,0,0.0,4,0,Anonymous,verhaal,1,0,0.0,1,1,0,0,1415
KW BJ 13723,1983,0,1.0,4,1,Walter Elias Disney,verhaal,0,0,1.0,0,0,0,0,1100
FA 1985 49,1983,1,0.0,4,1,E. De Klerck,picture book,1,1,0.0,1,1,0,0,687
VD 1655 3-1,1983,0,1.0,4,1,Hetty van den Heuvel,picture book,1,1,1.0,1,1,0,0,148
KW BJ 41574,1983,0,1.0,4,1,Richard Macclure Scarry,picture book,1,1,1.0,1,1,0,0,125
FD 1983 40231,1983,0,1.0,4,1,Anonymous,picture book,1,1,1.0,1,1,0,0,182
FD 1984 711,1983,1,0.0,4,0,Katinka Kessels,picture book,0,0,0.0,1,1,0,0,536
KW BJ 10426,1984,0,1.0,4,1,Christine Wensch-Van Sompel,picture book,1,1,1.0,1,1,0,0,215
KW BJ 52963,1984,0,0.0,4,0,Anonymous,picture book,1,1,0.0,1,1,0,0,946
FE 1984 40018,1984,1,0.0,4,1,Anonymous,verhaal,1,1,0.0,1,1,0,0,1496
KW BJ 43399,1984,0,1.0,4,1,Anonymous,picture book,1,1,1.0,1,1,0,0,237
FA 1984 27,1984,1,0.0,4,1,L.M. Niskos,picture book,1,1,0.0,1,1,0,0,1025
5013249,1984,1,0.0,4,1,Christine Wensch-Van Sompel,verhaal,1,1,0.0,1,1,0,0,584
VE 210 4-1,1984,1,0.0,4,1,Cobi van Mourik,verhaal,1,1,0.0,1,1,0,0,918
VD 1701 1-1,1985,0,0.0,4,1,Regina Johanna Ascherman-Soetermeer,picture book,1,0,0.0,1,1,0,0,783
FA 1985 60,1985,1,0.0,4,0,Hetty van den Heuvel,verhaal,1,0,0.0,1,1,0,0,2100
FF 1985 40010,1985,1,0.0,4,1,Hetty van den Heuvel,verhaal,1,1,0.0,1,1,0,0,1171
FA 1986 82,1985,1,0.0,4,1,Robert Schouten,verhaal,0,0,0.0,0,0,0,0,889
KW BJ 53474,1985,1,0.0,4,1,Lea Smulders,verhaal,1,0,0.0,1,1,0,0,693
6000772,1986,1,0.0,4,1,Lea Smulders,verhaal,1,0,0.0,1,1,0,0,693
FX 1986 19,1986,1,0.0,4,0,Lisbeth Zwerger,picture book,1,1,0.0,1,1,0,0,814
6000164,1987,1,0.0,4,0,Ineke Ris,picture book,1,1,0.0,1,1,0,0,1128
4003594,1987,0,1.0,4,1,Walter Elias Disney,verhaal,1,0,1.0,1,1,0,0,1174
5017890,1987,1,0.0,4,1,Peter Bramböck,verhaal,0,0,0.0,0,0,0,0,2129
KW XKZ 1230,1988,1,0.0,4,0,Anonymous,verhaal,1,0,0.0,1,1,0,0,1326
2023946,1988,1,0.0,4,0,Ciny Peppelenbosch-Macrander,picture book,1,1,0.0,1,1,0,0,284
2019055,1988,1,0.0,4,0,Alexandre Joseph Goudsmit,verhaal,0,0,0.0,0,0,0,0,888
5012859,1988,1,0.0,4,1,Suzanne Braam,verhaal,0,0,0.0,0,0,0,0,1283
3004598,1988,0,0.0,4,0,Jennina Carelina Staring,picture book,1,1,0.0,1,1,0,0,1505
6000818,1988,1,0.0,4,1,Anonymous,verhaal,0,0,0.0,1,1,0,0,812
3002206,1988,1,0.0,4,0,Anonymous,verhaal,1,1,0.0,1,1,0,0,289
7000083,1988,1,0.0,4,1,Carlos Busquets,picture book,1,1,0.0,1,1,0,0,569
KW BJ 52455,1989,1,0.0,4,0,Meike Touw,picture book,1,1,0.0,1,1,0,0,1246
5025648,1989,1,0.0,4,1,Suzanne Braam,verhaal,0,0,0.0,0,0,0,0,1280
KW XKR 0354,1989,0,1.0,4,1,Anonymous,verhaal,0,1,1.0,1,1,0,0,230
2022446,1989,1,0.0,4,1,Anonymous,verhaal,1,1,0.0,1,1,0,0,759
KW BJ 52253,1989,1,0.0,4,1,Anonymous,verhaal,1,0,0.0,1,1,0,0,765
4162374,1989,1,0.0,4,0,Jetty Krever,(rijmend) gedicht,0,0,0.0,0,0,0,0,1312
5026200,1989,0,0.0,4,0,Anonymous,verhaal,1,1,0.0,1,1,0,0,441
KW XKR 0885,1989,1,0.0,4,1,Anonymous,verhaal,1,0,0.0,1,1,0,0,912
KW XKR 9711,1990,1,0.0,4,1,A. Van Gool,picture book,1,1,0.0,1,1,0,0,457
2037232,1990,1,0.0,4,1,Anonymous,verhaal,1,1,0.0,1,1,0,0,1170
KW BJ 35398,1990,0,1.0,4,1,Walter Elias Disney,verhaal,1,0,1.0,1,1,0,0,1179
2065741,1990,1,0.0,4,1,Anonymous,verhaal,1,1,0.0,1,1,0,0,880
2038432,1990,0,1.0,4,0,Patricia Whitten,picture book,1,0,1.0,1,1,0,0,469
4037724,1991,1,0.0,4,1,Myrte Gay-Balmaz,verhaal,1,0,0.0,1,1,0,0,510
5039233,1991,0,1.0,4,1,Anonymous,picture book,1,1,1.0,1,1,0,0,590
2045328,1991,0,1.0,4,1,Anonymous,picture book,1,1,1.0,1,1,0,0,160
2042875,1991,0,1.0,4,0,Carry W. Zijlstra-van Dijk,picture book,1,0,1.0,1,1,0,0,737
1009617,1991,1,0.0,4,1,Lisbeth Zwerger,picture book,1,1,0.0,1,1,0,0,1054
5041205,1991,1,0.0,4,0,A. Van Gool,picture book,1,1,0.0,1,1,0,0,1564
1011407,1991,1,0.0,4,0,Imme Dros,verhaal,1,0,0.0,1,1,0,0,2931
4041098,1991,1,0.0,4,1,Anonymous,verhaal,1,0,0.0,1,1,0,0,2243
2051851,1991,1,0.0,4,0,Anna Maria Geertruida Schmidt,verhaal,1,1,0.0,1,1,0,0,739
KW BJ 16446,1992,0,,4,1,Sylviane Gangloff,picture book,1,1,,1,1,0,0,85
5046128,1992,1,0.0,4,0,Richard Macclure Scarry,picture book,1,1,0.0,1,1,0,0,628
5046742,1992,1,0.0,4,0,Anne-Marie Recour,verhaal,1,1,0.0,1,1,0,0,1294
KW BJ 42421,1992,0,0.0,4,1,Dagmar Stam,verhaal,1,0,1.0,0,1,0,0,559
KW XKE 123,1993,1,0.0,4,0,Tricia Lee,verhaal,1,0,0.0,1,1,0,0,611
KW XKR 0593,1993,1,0.0,4,0,Anonymous,verhaal,1,1,0.0,1,1,0,0,781
KW XKR 1999,1993,0,1.0,4,0,Attie Spitzers,picture book,1,0,1.0,1,1,0,0,576
5050097,1993,1,0.0,4,0,Detty Verreydt,verhaal,1,1,0.0,1,1,0,0,728
KW XKZ 0740,1993,1,0.0,4,1,Suzanne Braam,verhaal,1,1,0.0,1,1,0,0,1039
2071740,1993,1,0.0,4,1,René van Harten,verhaal,1,0,0.0,1,1,0,0,1285
KW XKZ 1281,1993,1,0.0,4,1,Agave Kruijssen,verhaal,1,0,0.0,1,1,0,0,773
KW XKY 629,1994,0,1.0,4,0,Anonymous,verhaal,0,0,1.0,0,0,0,0,347
5061329,1994,0,1.0,4,1,Anonymous,picture book,1,1,1.0,1,1,0,0,352
2076937,1994,1,0.0,4,0,Ernst Rudolf van Altena,picture book,1,1,0.0,1,1,0,0,670
2084022,1994,0,1.0,4,1,Harriët Verburg,picture book,1,0,1.0,1,1,0,0,153
5062699,1994,1,0.0,4,0,Claudio Cernuschi,picture book,1,1,0.0,1,1,0,0,1416
4064202,1994,1,0.0,4,0,Ivo de Wijs,verhaal,1,1,0.0,1,1,0,0,1818
5069593,1995,1,0.0,4,1,Geertje Karsten,verhaal,1,1,0.0,1,1,0,0,837
4094390,1995,1,0.0,4,0,Marjan Doets,picture book,1,1,0.0,1,1,0,0,701
4097271,1996,1,0.0,4,0,Eva Sýkorová-Pekárková,picture book,1,1,0.0,1,1,0,0,476
4086683,1996,1,0.0,4,0,Jacobus Maria Vriens,verhaal,1,1,0.0,1,1,0,0,1924
5086710,1996,1,0.0,4,0,Anonymous,verhaal,1,1,0.0,1,1,0,0,643
5088279,1996,0,1.0,4,1,Ann Elisabeth Jansen,picture book,1,1,1.0,1,1,0,0,317
2128844,1996,0,1.0,4,1,Sietske Chardon-Postel,picture book,1,1,1.0,1,1,0,0,494
2124467,1996,0,1.0,4,1,Anonymous,picture book,1,1,1.0,1,1,0,0,116
4094953,1996,0,1.0,4,1,Gemma van Leeuwen,picture book,1,1,1.0,1,1,0,0,453
5086725,1996,1,0.0,4,1,Francisca Fröhlich,picture book,1,1,0.0,1,1,0,0,930
KW XKR 5151,1997,1,0.0,4,1,Anonymous,verhaal,1,1,0.0,1,1,0,0,1289
4113288,1997,1,0.0,4,1,Diana Lebacs,verhaal,1,1,0.0,1,1,0,0,730
4153877,1997,1,0.0,4,1,Gemma van Leeuwen,picture book,1,0,0.0,1,1,0,0,337
5125806,1998,0,1.0,4,1,Caroline Bijvoet,anders,1,1,1.0,1,1,0,0,159
4121221,1998,1,0.0,4,0,Tony Wolf,picture book,1,1,0.0,1,1,0,0,477
5133031,1999,0,0.0,4,1,Gemma van Leeuwen,picture book,1,1,0.0,1,1,0,0,1043
KW XKR 7548,1999,0,1.0,4,0,A. Van Gool,verhaal,0,0,1.0,0,0,0,0,286
4139945,1999,0,0.0,4,0,Mireille Vroege,picture book,1,1,0.0,1,1,0,0,359
4136359,1999,1,0.0,4,1,Anonymous,verhaal,1,0,0.0,1,1,0,0,2245
KW XKR 6247,2000,0,0.0,4,0,Anonymous,picture book,1,1,0.0,1,1,0,0,417
4153875,2000,1,0.0,4,1,Bob Kaiser,verhaal,1,0,0.0,1,1,0,0,1036
5146977,2000,1,0.0,4,1,Anonymous,verhaal,1,1,0.0,1,1,0,0,1494
KW XKR 8464,2000,0,0.0,4,1,Anonymous,picture book,1,1,0.0,1,1,0,0,199
KW XKR 5265,2000,1,0.0,4,0,Anonymous,picture book,1,1,0.0,1,1,0,0,339
KW XKP 674,2000,1,0.0,4,0,Anonymous,picture book,0,0,0.0,1,1,0,0,431
KW XKR 9023,2000,0,1.0,4,0,A.M. Lefèvre,picture book,1,1,1.0,1,1,0,0,346
5160658,2001,0,1.0,4,1,Pieter van Oudheusden,picture book,1,0,1.0,1,1,0,0,556
1028342,2001,1,0.0,4,1,Marie Cramer,verhaal,1,0,0.0,1,1,0,0,928
2267819,2001,0,0.0,4,1,Anonymous,picture book,1,0,0.0,1,1,0,0,180
5160520,2001,1,0.0,4,1,Anonymous,verhaal,1,0,0.0,1,1,0,0,1302
2265002,2001,1,0.0,4,0,Robyn Bryant,picture book,1,1,0.0,1,1,0,0,357
4184935,2001,1,0.0,4,0,Anonymous,verhaal,1,1,0.0,1,1,0,0,474
5194483,2002,1,0.0,4,0,A.M. Lefèvre,picture book,1,1,0.0,1,1,0,0,548
KW XKR 0595,2002,0,1.0,4,0,A. Van Gool,verhaal,1,1,1.0,1,1,0,0,239
5169557,2002,1,0.0,4,1,Nico Voskamp,picture book,1,1,0.0,1,1,0,0,1019
2227389,2002,0,1.0,4,0,A.M. Lefèvre,picture book,1,1,1.0,1,1,0,0,239
KW XKR 9510,2002,1,0.0,4,0,Anonymous,picture book,0,0,0.0,1,1,0,0,357
KW XKZ 1206,2003,1,0.0,4,0,Anonymous,verhaal,0,1,0.0,1,1,0,0,801
KW XKR 9061,2003,0,1.0,4,1,A. Van Gool,picture book,1,0,1.0,1,1,0,0,156
4204161,2003,0,0.0,4,1,Evianne de Kup,picture book,1,1,0.0,1,1,0,0,1245
5185892,2003,1,0.0,4,1,Marc De Bel,picture book,1,1,0.0,1,1,0,0,658
KW XKZ 0266,2003,1,0.0,4,0,Edward Adrianus Charles van de Vendel,picture book,1,1,0.0,1,1,0,0,804
4199737,2003,1,0.0,4,0,Vivian den Hollander,verhaal,0,0,0.0,1,1,0,0,819
5186753,2003,1,0.0,4,1,Henri Van Daele,verhaal,0,1,0.0,1,0,0,0,854
4207729,2004,0,1.0,4,1,Marjan Doets,picture book,1,1,1.0,1,1,0,0,394
KW XKR 5390,2004,1,0.0,4,0,Jeroen Kramer,picture book,1,1,0.0,1,1,0,0,1220
4212901,2004,1,0.0,4,1,Anonymous,verhaal,1,1,0.0,1,1,0,0,1166
KW XKZ 1210,2004,1,0.0,4,0,Anonymous,picture book,1,0,0.0,1,1,0,0,964
5201886,2005,1,0.0,4,1,Anonymous,verhaal,0,0,0.0,1,1,0,0,1708
3013533,2005,1,0.0,4,1,Anonymous,verhaal,1,1,0.0,1,1,0,0,1399
3014574,2005,1,0.0,4,0,Marianne Busser,verhaal,1,1,0.0,1,1,0,0,2043
5212462,2005,1,0.0,4,1,Anonymous,verhaal,1,1,0.0,1,1,0,0,1399
3007625,2005,1,0.0,4,0,Addie Maanders,picture book,1,1,0.0,1,1,0,0,342
3010628,2005,1,0.0,4,0,Eric van Oudenaarde,picture book,1,1,0.0,1,1,0,0,1152
KW XKZ 1862,2006,1,0.0,4,1,Anonymous,verhaal,1,1,0.0,1,1,0,0,867
5229033,2006,0,0.0,4,0,Jarka Seidl,verhaal,1,1,1.0,1,1,0,0,964
4227076,2006,0,0.0,4,0,Chris Winsemius,verhaal,0,1,0.0,1,1,0,0,808
KW GW P100009,2006,0,1.0,4,0,Stijn Laagland,anders,1,0,1.0,1,1,0,0,171
4229105,2006,0,0.0,4,0,Hilde Vandermeeren,picture book,1,1,,1,1,0,0,95
5230610,2007,0,1.0,4,0,Gerda Laura Dendooven,picture book,1,1,1.0,1,1,0,0,533
4248580,2007,1,0.0,4,0,Thé Tjong-Khing,picture book,1,0,0.0,1,1,0,0,1010
5235107,2007,1,0.0,4,0,Anonymous,picture book,1,1,0.0,1,1,0,0,846
5237627,2007,1,0.0,4,1,Marjan van Zeyl,picture book,1,1,0.0,1,1,0,0,1190
KW GW P100008,2007,0,1.0,4,1,Anonymous,verhaal,1,0,1.0,1,1,0,0,223
5251998,2008,1,0.0,4,1,Anonymous,verhaal,0,0,0.0,1,1,0,0,1709
5244567,2008,1,0.0,4,1,Anonymous,verhaal,1,1,0.0,1,1,0,0,1403
KW XKZ 1033,2008,1,0.0,4,0,Sylvia Vanden Heede,picture book,1,1,0.0,1,1,0,0,227
4262750,2008,0,0.0,4,1,Renate Poper,picture book,1,0,0.0,1,1,0,0,1136
2267570,2008,1,0.0,4,0,Marcel van Ee,picture book,1,1,0.0,1,1,0,0,552
4262746,2008,1,0.0,4,1,Anonymous,verhaal,1,1,0.0,1,1,0,0,1169
5256114,2009,1,0.0,4,0,Lucy Cousins,picture book,1,1,0.0,1,1,0,0,266
5272290,2009,1,0.0,4,0,Tim Gladdines,picture book,1,1,0.0,1,1,0,0,638
4269562,2009,1,0.0,4,1,Gerrie van Dongen,verhaal,1,0,0.0,1,1,0,0,1347
5253377,2009,1,0.0,4,0,Anonymous,verhaal,1,1,0.0,1,1,0,0,1665
2312538,2010,1,0.0,4,0,Tamar Verkaik,picture book,0,0,0.0,1,1,0,0,734
2306241,2010,0,1.0,4,1,Tine van het Veld,verhaal,1,1,1.0,1,1,0,0,1119
5263101,2010,1,0.0,4,1,Martine Letterie,picture book,1,1,0.0,1,1,0,0,1307
4293570,2010,0,1.0,4,1,Dionisius Antonius Duyns,verhaal,0,0,1.0,0,0,0,0,1482
5271539,2010,0,0.0,4,0,Annemarie Elisabeth van den Brink,(rijmend) gedicht,1,1,0.0,1,1,0,0,108
4279118,2010,1,0.0,4,0,Vivian den Hollander,verhaal,1,1,0.0,1,1,0,0,877
12006526,2010,1,0.0,4,0,Marita De Sterck,verhaal,0,0,0.0,0,0,0,0,1495
4280586,2010,0,1.0,4,0,Marjet Huiberts,picture book,0,1,0.0,1,1,0,0,236
5276973,2011,0,1.0,4,1,Tjibbe Veldkamp,picture book,1,1,1.0,1,1,0,0,703
KW XKW 2737,2011,0,0.0,4,0,Anna Milbourne,verhaal,0,0,0.0,1,1,0,0,1911
5293912,2011,1,0.0,4,0,A. Van Gool,picture book,1,1,0.0,1,1,0,0,551
5273704,2011,1,0.0,4,1,Anonymous,picture book,1,1,0.0,1,1,0,0,567
5277162,2011,1,0.0,4,0,Marianne Busser,verhaal,1,0,0.0,1,1,0,0,2040
5286008,2011,0,0.0,4,0,Geert De Kockere,(rijmend) gedicht,0,0,0.0,0,0,0,0,211
KW XKZ 1713,2011,0,1.0,4,1,Jonas Boets,picture book,0,0,1.0,1,1,0,0,1822
5280348,2011,0,1.0,4,0,Ivo de Wijs,(rijmend) gedicht,1,0,1.0,1,1,0,0,591
4290642,2011,1,0.0,4,1,Jasmijn Snoijink,verhaal,1,0,0.0,1,1,0,0,1479
5272036,2011,1,0.0,4,1,Anonymous,verhaal,1,1,0.0,1,1,0,0,1400
4311131,2012,1,0.0,4,1,Anonymous,verhaal,1,1,0.0,1,1,0,0,1166
14029101,2013,1,0.0,4,1,Sarah Courtauld,picture book,1,1,0.0,1,1,0,0,782
KW GW A101524,2013,1,0.0,4,1,Lesley Sims,verhaal,1,1,0.0,1,1,0,0,683
14013747,2013,0,0.0,4,1,Caroline Ellerbeck,picture book,1,1,,1,1,0,0,86
14036517,2014,1,0.0,4,1,Anonymous,picture book,1,0,0.0,1,1,0,0,1060
14027694,2014,0,0.0,4,1,Anonymous,picture book,0,0,0.0,1,0,0,0,309
